nflId,officialPosition,displayName
25511,QB,Tom Brady
28963,QB,Ben Roethlisberger
29550,T,Jason Peters
29851,QB,Aaron Rodgers
30078,QB,Ryan Fitzpatrick
30842,TE,Marcedes Lewis
30869,T,Andrew Whitworth
33084,QB,Matt Ryan
33107,T,Duane Brown
33130,WR,DeSean Jackson
33131,DE,Calais Campbell
33138,QB,Chad Henne
33241,QB,Josh Johnson
33566,WR,Danny Amendola
34452,QB,Matthew Stafford
34457,T,Andre Smith
34465,SS,Malcolm Jenkins
34472,C,Alex Mack
34540,TE,Jared Cook
34654,FS,Jason McCourty
34777,NT,Steve McLendon
34843,QB,Brian Hoyer
35441,DE,Ndamukong Suh
35442,DT,Gerald McCoy
35443,T,Trent Williams
35446,CB,Joe Haden
35449,DE,Tyson Alualu
35452,DE,Brandon Graham
35454,DE,Jason Pierre-Paul
35459,SS,Kareem Jackson
35462,T,Bryan Bulaga
35466,FS,Devin McCourty
35470,DE,Jerry Hughes
35472,G,Rodger Saffold
35481,TE,Rob Gronkowski
35485,NT,Linval Joseph
35493,OLB,Carlos Dunlap
35521,WR,Emmanuel Sanders
35522,DT,Corey Peters
35527,WR,Andre Roberts
35534,TE,Jimmy Graham
35539,DE,Everson Griffen
35562,DT,Al Woods
35634,WR,Antonio Brown
36712,FS,Andrew Sendejo
36785,T,Ty Nsekhe
37075,OLB,Von Miller
37077,WR,A.J. Green
37078,CB,Patrick Peterson
37079,WR,Julio Jones
37082,T,Tyron Smith
37083,QB,Blaine Gabbert
37084,DE,J.J. Watt
37087,OLB,Robert Quinn
37089,DE,Ryan Kerrigan
37090,T,Nate Solder
37097,DE,Cameron Jordan
37100,CB,Jimmy Smith
37101,RB,Mark Ingram
37104,DT,Cameron Heyward
37110,QB,Andy Dalton
37112,DE,Jabaal Sheard
37118,TE,Kyle Rudolph
37130,C,Rodney Hudson
37139,WR,Randall Cobb
37145,OLB,Justin Houston
37174,OLB,K.J. Wright
37179,TE,Luke Stocker
37200,RB,Taiwan Jones
37213,T,Marcus Cannon
37229,CB,Richard Sherman
37234,TE,Lee Smith
37240,OLB,Pernell McPhee
37255,QB,Tyrod Taylor
37266,C,Jason Kelce
37308,DT,Lawrence Guy
37317,MLB,Malcolm Smith
37724,CB,Chris Harris
37737,WR,Chris Hogan
37778,ILB,Josh Bynes
37792,LB,Nick Bellore
37841,DE,Mario Addison
38538,QB,Ryan Tannehill
38540,CB,Stephon Gilmore
38542,DT,Fletcher Cox
38544,DE,Michael Brockers
38547,CB,Dre Kirkpatrick
38548,OLB,Melvin Ingram
38551,OLB,Chandler Jones
38553,T,Riley Reiff
38555,OLB,Dont'a Hightower
38556,DE,Whitney Mercilus
38557,G,Kevin Zeitler
38559,SS,Harrison Smith
38569,CB,Janoris Jenkins
38577,MLB,Bobby Wagner
38578,SS,Tavon Wilson
38588,ILB,Lavonte David
38592,CB,Casey Hayward
38605,QB,Russell Wilson
38606,G,Brandon Brooks
38607,ILB,Demario Davis
38613,WR,Mohamed Sanu
38619,DT,Akiem Hicks
38622,WR,T.Y. Hilton
38629,C,Ben Jones
38630,WR,Travis Benjamin
38632,QB,Kirk Cousins
38642,T,Bobby Massie
38667,DT,Malik Jackson
38673,CB,Josh Norman
38681,G,Senio Kelemete
38696,WR,Marvin Jones
38707,FS,Justin Bethel
38718,ILB,Danny Trevathan
38779,T,Kelvin Beachum
38843,FS,Rodney McLeod
38868,FS,Tashaun Gipson
38937,QB,Case Keenum
38947,WR,Cole Beasley
39008,OLB,Julian Stanford
39109,TE,Derek Carrier
39146,T,Mike Remmers
39212,RB,Brandon Bolden
39646,WR,Josh Gordon
39684,G,Greg Van Roten
39907,TE,Darren Fells
39908,FS,Erik Harris
39941,FS,Chris Banjo
39947,T,Eric Fisher
39950,T,Lane Johnson
39954,WR,Tavon Austin
39959,DT,Sheldon Richardson
39960,DT,Star Lotulelei
39965,G,Justin Pugh
39968,CB,Desmond Trufant
39971,CB,Xavier Rhodes
39973,WR,DeAndre Hopkins
39975,RB,Cordarrelle Patterson
39976,ILB,Alec Ogletree
39983,TE,Zach Ertz
39984,CB,Darius Slay
39985,RB,Giovani Bernard
39987,QB,Geno Smith
39989,WR,Robert Woods
39993,ILB,Kevin Minter
39996,RB,Le'Veon Bell
39997,NT,Johnathan Hankins
39998,OLB,Jon Bostic
40000,OLB,Jamie Collins
40001,DT,Margus Hunt
40008,CB,Robert Alford
40011,TE,Travis Kelce
40017,SS,Tyrann Mathieu
40020,G,Brian Winters
40021,QB,Mike Glennon
40023,T,Terron Armstead
40024,WR,Keenan Allen
40026,WR,Marquise Goodwin
40030,NT,John Jenkins
40031,FS,Logan Ryan
40039,SS,Duron Harmon
40042,NT,Brandon Williams
40051,DE,Alex Okafor
40070,C,J.C. Tretter
40074,DE,William Gholston
40077,DE,John Simon
40078,FB,Kyle Juszczyk
40089,G,Oday Aboushi
40092,WR,Kenny Stills
40095,OLB,Steven Means
40096,OLB,A.J. Klein
40107,FS,Micah Hyde
40124,G,David Quessenberry
40129,RB,Latavius Murray
40138,RB,Rex Burkhead
40149,TE,Ryan Griffin
40151,C,Ryan Jensen
40166,SS,Jordan Poyer
40171,DE,Nicholas Williams
40253,DE,Lerentee McCray
40347,NT,Mike Purcell
40353,CB,Rashaan Melvin
40416,T,Christopher Hubbard
40463,OLB,Brandon Copeland
40488,WR,Adam Thielen
40608,NT,Damion Square
40615,TE,Demetrius Harris
40621,SS,Bradley McDougald
40641,TE,Jack Doyle
40688,CB,A.J. Bouye
40825,OLB,Benson Mayowa
41069,C,James Ferentz
41222,T,Alejandro Villanueva
41227,DE,Jadeveon Clowney
41230,WR,Sammy Watkins
41231,OLB,Khalil Mack
41232,T,Jake Matthews
41233,WR,Mike Evans
41235,OLB,Anthony Barr
41236,TE,Eric Ebron
41237,T,Taylor Lewan
41238,WR,Odell Beckham
41239,DT,Aaron Donald
41240,CB,Kyle Fuller
41242,G,Zack Martin
41243,ILB,C.J. Mosley
41246,WR,Brandin Cooks
41249,DE,Dee Ford
41251,CB,Jason Verrett
41256,FS,Jimmie Ward
41257,CB,Bradley Roby
41258,QB,Teddy Bridgewater
41262,G,Xavier Su'a-Filo
41263,DE,Demarcus Lawrence
41264,G,Joel Bitonio
41265,QB,Derek Carr
41269,OLB,Kyle Van Noy
41270,SS,Lamarcus Joyner
41279,OLB,Jeremiah Attaochu
41282,WR,Davante Adams
41286,RB,Carlos Hyde
41290,WR,Allen Robinson
41291,QB,Jimmy Garoppolo
41292,WR,Jarvis Landry
41293,C,Justin Britt
41295,T,Morgan Moses
41296,T,Billy Turner
41300,OLB,Christian Kirksey
41308,SS,Terrence Brooks
41310,G,Gabe Jackson
41320,WR,John Brown
41321,G,Trai Turner
41322,G,Brandon Linder
41324,G,Michael Schofield
41325,RB,Jerick McKinnon
41327,TE,Richard Rodgers
41331,CB,Bashaud Breeland
41332,RB,Devonta Freeman
41336,DT,Justin Ellis
41338,CB,Ross Cockrell
41341,DT,DaQuan Jones
41348,ILB,Anthony Hitchens
41349,TE,Logan Thomas
41356,CB,Pierre Desir
41358,CB,Dontae Johnson
41359,RB,James White
41361,OLB,Kevin Pierre-Louis
41362,CB,Nevin Lawson
41363,DE,Brent Urban
41376,SS,Ricardo Allen
41387,DT,Caraun Reid
41390,C,Corey Linsley
41403,OLB,Devon Kennard
41436,C,Matt Paradis
41448,CB,T.J. Carrie
41449,DE,Shamar Stephen
41464,DE,Shelby Harris
41475,T,Charles Leno
41483,CB,Terrance Mitchell
41500,WR,Willie Snead
41502,FS,Daniel Sorensen
41506,WR,Albert Wilson
41532,T,James Hurst
41563,T,Cornelius Lucas
41595,NT,Mike Pennel
41599,ILB,Joe Thomas
41619,C,Trey Hopkins
41630,C,Justin McCray
41665,G,Tyler Shatley
41667,T,Josh Wells
41707,C,Tyler Larsen
41712,RB,Damien Williams
41722,DE,Josh Mauro
41786,DE,Kerry Hyder
41808,FB,Keith Smith
41915,OLB,Shaquil Barrett
41919,DT,Zach Kerr
41939,G,Andrew Norwell
41947,ILB,Christian Jones
41959,G,Matt Feiler
42030,CB,K'Waun Williams
42031,DE,Denico Autry
42033,TE,Cameron Brate
42051,WR,Diontae Spencer
42116,SS,Adrian Phillips
42302,TE,Chris Manhertz
42331,DE,Efe Obada
42344,QB,Jameis Winston
42346,OLB,Dante Fowler
42347,WR,Amari Cooper
42348,G,Brandon Scherff
42349,DT,Leonard Williams
42350,WR,Kevin White
42352,G,Ereck Flowers
42354,CB,Trae Waynes
42355,NT,Danny Shelton
42356,G,Andrus Peat
42357,WR,DeVante Parker
42358,RB,Melvin Gordon
42360,DE,Arik Armstead
42362,T,Cameron Erving
42363,WR,Nelson Agholor
42364,T,Cedric Ogbuehi
42365,OLB,Bud Dupree
42367,T,D.J. Humphries
42368,OLB,Shaq Thompson
42370,CB,Byron Jones
42371,G,Laken Tomlinson
42372,WR,Phillip Dorsett
42375,DT,Malcom Brown
42376,SS,Landon Collins
42377,T,Donovan Smith
42378,DT,Mario Edwards
42380,WR,Devin Smith
42381,OLB,Preston Smith
42382,NT,Eddie Goldman
42386,ILB,Benardrick McKinney
42388,ILB,Eric Kendricks
42389,SS,Jaquiski Tartt
42390,SS,Eric Rowe
42391,ILB,Denzel Perryman
42392,C,Mitch Morse
42393,CB,Ronald Darby
42395,DE,Jordan Phillips
42397,RB,Ameer Abdullah
42398,TE,Maxx Williams
42400,T,Rob Havenstein
42401,OLB,Markus Golden
42402,T,Ty Sambrailo
42403,DE,Randy Gregory
42404,G,Ali Marpet
42406,DE,Frank Clark
42410,G,A.J. Cann
42412,WR,Tyler Lockett
42416,RB,Tevin Coleman
42419,WR,Chris Conley
42421,CB,P.J. Williams
42424,G,John Miller
42427,ILB,Jordan Hicks
42428,TE,Tyler Kroft
42429,RB,David Johnson
42431,DE,Danielle Hunter
42433,NT,Carl Davis
42436,DE,Henry Anderson
42437,WR,Ty Montgomery
42441,CB,Steven Nelson
42443,DT,Angelo Blackson
42444,OLB,Trey Flowers
42445,T,Daryl Williams
42448,WR,Jamison Crowder
42460,TE,Blake Bell
42465,OLB,Za'Darius Smith
42467,OLB,Kwon Alexander
42469,RB,Mike Davis
42470,OLB,Damien Wilson
42471,G,Jon Feliciano
42474,G,Shaquille Mason
42476,C,Max Garcia
42477,G,Mark Glowinski
42480,DT,Grady Jarrett
42485,FS,Adrian Amos
42486,TE,MyCole Pruitt
42488,CB,Bobby McCain
42489,WR,Stefon Diggs
42497,DT,Tyeler Davison
42500,TE,C.J. Uzomah
42503,TE,Jesse James
42511,FB,Michael Burton
42512,OLB,David Mayo
42516,TE,James O'Shaughnessy
42535,DT,Darius Philon
42543,FS,Quandre Diggs
42547,TE,Darren Waller
42553,DT,Christian Ringo
42559,NT,Christian Covington
42560,DT,Rakeem Nunez-Roches
42565,C,Austin Reiter
42569,T,Bobby Hart
42587,T,Trenton Brown
42589,TE,Geoff Swaim
42593,QB,Trevor Siemian
42598,G,Denzelle Good
42654,T,La'el Collins
42667,DT,Justin Hamilton
42718,RB,Raheem Mostert
42721,TE,Eric Tomlinson
42765,G,Chris Reed
42771,ILB,Neville Hewitt
42794,WR,DeAndre Carter
42810,C,B.J. Finney
42816,CB,Troy Hill
42818,WR,Jake Kumerow
42826,DT,DeShawn Williams
42827,CB,Justin Coleman
42830,FS,Anthony Harris
42831,QB,Taylor Heinicke
42837,RB,Malcolm Brown
42869,OLB,James Vaughters
42883,C,David Andrews
42887,OLB,Brandon King
42899,WR,Damiere Byrd
42901,SS,Dean Marlowe
42924,T,Jesse Davis
42929,OLB,Alex Singleton
42935,CB,Bryce Callahan
42952,T,Kendall Lamm
42954,C,Greg Mancz
43010,WR,Adam Humphries
43045,G,Quinton Spain
43062,ILB,Nick Dzubnar
43079,TE,Daniel Brown
43090,WR,Tyrell Williams
43206,TE,Ross Travis
43290,QB,Jared Goff
43291,QB,Carson Wentz
43292,OLB,Joey Bosa
43293,RB,Ezekiel Elliott
43294,CB,Jalen Ramsey
43295,T,Ronnie Stanley
43296,DT,DeForest Buckner
43297,T,Jack Conklin
43298,OLB,Leonard Floyd
43299,CB,Eli Apple
43300,CB,Vernon Hargreaves
43301,DT,Sheldon Rankins
43302,T,Laremy Tunsil
43303,SS,Karl Joseph
43306,MLB,Keanu Neal
43307,C,Ryan Kelly
43308,DE,Shaq Lawson
43310,WR,Will Fuller
43312,WR,Laquon Treadwell
43313,CB,William Jackson
43316,NT,Kenny Clark
43318,DT,Robert Nkemdiche
43319,DT,Vernon Butler
43320,T,Germain Ifedi
43321,DE,Emmanuel Ogbah
43323,MLB,Jaylon Smith
43324,TE,Hunter Henry
43325,MLB,Myles Jack
43326,DT,Chris Jones
43327,CB,Xavien Howard
43329,WR,Sterling Shepard
43330,ILB,Reggie Ragland
43332,NT,Austin Johnson
43333,OLB,Jihad Ward
43334,RB,Derrick Henry
43335,DT,A'Shawn Robinson
43337,T,Jason Spriggs
43338,DT,Jarran Reed
43341,ILB,Deion Jones
43343,CB,Mackensie Alexander
43344,WR,Tyler Boyd
43345,G,Cody Whitehair
43346,CB,T.J. Green
43347,FS,Sean Davis
43350,SS,Vonn Bell
43351,CB,James Bradberry
43352,DE,Adam Gotsis
43353,FS,Kevin Byard
43354,DE,Carl Nassib
43356,DT,Maliek Collins
43358,DE,Yannick Ngakoue
43361,DE,Jonathan Bullard
43362,RB,Kenyan Drake
43366,CB,Daryl Worley
43367,G,Joe Thuney
43368,G,Isaac Seumalo
43370,TE,Austin Hooper
43372,DE,Jordan Jenkins
43373,CB,Kendall Fuller
43376,OLB,Nick Vigil
43377,OLB,Kyler Fackrell
43378,DT,Javon Hargrave
43380,QB,Jacoby Brissett
43384,G,Graham Glasgow
43387,FS,Justin Simmons
43388,ILB,Joe Schobert
43392,DT,Sheldon Day
43393,CB,Tavon Young
43395,FS,Eric Murray
43396,WR,Chris Moore
43397,CB,Ryan Smith
43399,TE,Tyler Higbee
43400,FS,Miles Killebrew
43402,ILB,Nick Kwiatkoski
43404,ILB,De'Vondre Campbell
43405,DT,Hassan Ridgeway
43407,SS,Juston Burris
43409,DT,David Onyemata
43411,DT,Andrew Billings
43413,SS,Deon Bush
43415,WR,Demarcus Robinson
43420,ILB,Blake Martinez
43422,CB,Rashard Robinson
43424,QB,Dak Prescott
43425,RB,Devontae Booker
43426,DE,Dean Lowry
43429,WR,Tajae Sharpe
43433,C,Connor McGovern
43435,OLB,Matt Judon
43436,DT,Quinton Jefferson
43439,RB,Jordan Howard
43441,DT,Matt Ioannidis
43444,T,Joe Haeg
43447,T,Brandon Shell
43453,G,Halapoulivaati Vaitai
43454,WR,Tyreek Hill
43455,NT,D.J. Reader
43456,SS,Marqui Christian
43460,RB,Alex Collins
43461,WR,Rashard Higgins
43465,FB,Andy Janovich
43474,FS,DeAndre Houston-Carson
43475,WR,Jakeem Grant
43478,CB,Anthony Brown
43484,G,Wes Schweitzer
43487,FB,Derek Watt
43490,QB,Brandon Allen
43495,WR,Mike Thomas
43497,ILB,Kamu Grugier-Hill
43498,CB,Maurice Canady
43503,ILB,Elandon Roberts
43507,CB,Kevon Seymour
43510,C,Ted Karras
43516,OLB,Stephen Weatherly
43522,CB,Jalen Mills
43525,RB,Dwayne Washington
43533,FS,Jayron Kearse
43535,MLB,Tyler Matakevich
43540,ILB,Joe Walker
43556,WR,Chester Rogers
43584,WR,Kalif Raymond
43586,T,George Fant
43616,FS,Matthias Farley
43638,DT,Justin Zimmer
43640,T,Rashod Hill
43641,CB,Mike Hilton
43645,SS,Jarrod Wilson
43648,T,Justin Murray
43663,WR,Alex Erickson
43694,NT,Michael Pierce
43695,C,Matt Skura
43698,DT,Woodrow Hamilton
43700,CB,Jonathan Jones
43712,CB,Sharrod Neasman
43722,RB,J.D. McKissic
43746,WR,Geronimo Allison
43757,SS,Andrew Adams
43761,CB,Donte Deayon
43775,OLB,Romeo Okwara
43787,DT,Roy Robertson-Harris
43791,DE,Morgan Fox
43797,OLB,Cory Littleton
43808,WR,Robby Anderson
43821,C,Jake Brendel
43845,TE,Stephen Anderson
43854,OLB,Brennan Scarlett
43861,RB,Peyton Barber
43880,RB,Elijhaa Penny
43938,DT,Antwaun Woods
43971,FB,C.J. Ham
43986,CB,Antonio Hamilton
44003,WR,Marcus Johnson
44009,TE,J.P. Holtz
44029,WR,Jaydon Mickens
44045,RB,Jalen Richard
44068,G,Lucas Patrick
44075,TE,Garrett Griffin
44123,WR,Brandon Zylstra
44174,ILB,Sam Eguavoen
44202,CB,Tevaughn Campbell
44767,WR,Cyril Grayson
44792,TE,Mo Alie-Cox
44813,DE,Myles Garrett
44814,QB,Mitchell Trubisky
44815,DT,Solomon Thomas
44816,RB,Leonard Fournette
44817,WR,Corey Davis
44818,SS,Jamal Adams
44819,WR,Mike Williams
44820,RB,Christian McCaffrey
44821,WR,John Ross
44822,QB,Patrick Mahomes
44823,CB,Marshon Lattimore
44825,OLB,Haason Reddick
44826,DE,Derek Barnett
44827,FS,Malik Hooker
44828,CB,Marlon Humphrey
44829,DT,Jonathan Allen
44830,CB,Adoree' Jackson
44831,TE,O.J. Howard
44832,T,Garett Bolles
44833,MLB,Jarrad Davis
44834,OLB,Charles Harris
44835,TE,Evan Engram
44837,SS,Jabrill Peppers
44838,DE,Takkarist McKinley
44839,CB,Tre'Davious White
44840,DE,Taco Charlton
44841,TE,David Njoku
44842,OLB,T.J. Watt
44844,T,Ryan Ramczyk
44845,CB,Kevin King
44846,T,Cam Robinson
44847,DT,Malik McDowell
44848,SS,Budda Baker
44849,WR,Zay Jones
44851,FS,Marcus Maye
44852,WR,Curtis Samuel
44853,RB,Dalvin Cook
44854,FS,Marcus Williams
44855,CB,Sidney Jones
44856,TE,Gerald Everett
44857,TE,Adam Shaheen
44859,OLB,Tyus Bowser
44860,RB,Joe Mixon
44863,DE,DeMarcus Walker
44865,FS,Teez Tabor
44867,DT,Dalvin Tomlinson
44869,ILB,Zach Cunningham
44870,C,Ethan Pocic
44871,DE,Tanoh Kpassagnon
44872,CB,Chidobe Awuzie
44874,WR,JuJu Smith-Schuster
44875,T,Dion Dawkins
44876,T,Taylor Moton
44877,DT,Larry Ogunjobi
44878,CB,Ahkello Witherspoon
44879,RB,Alvin Kamara
44880,DE,Dawuane Smoot
44881,WR,Cooper Kupp
44882,C,Pat Elflein
44885,DE,Jordan Willis
44886,DE,Chris Wormley
44887,ILB,Duke Riley
44888,ILB,Alex Anzalone
44892,DE,Tarell Basham
44893,CB,Fabian Moreau
44896,WR,Chris Godwin
44898,RB,Kareem Hunt
44902,CB,Shaquill Griffin
44903,FS,John Johnson
44904,CB,Jourdan Lewis
44905,DE,Montravius Adams
44906,CB,Cameron Sutton
44908,WR,Kenny Golladay
44911,CB,Rasul Douglas
44912,TE,Jonnu Smith
44915,DE,Trey Hendrickson
44917,RB,James Conner
44922,DT,Jaleel Johnson
44923,WR,Dede Westbrook
44925,SS,Eddie Jackson
44926,SS,Rayshawn Jenkins
44927,RB,Samaje Perine
44930,WR,Josh Reynolds
44931,WR,Mack Hollins
44937,OLB,Jalen Reeves-Maybin
44938,DE,Samson Ebukam
44942,T,David Sharpe
44943,T,Julien Davenport
44944,DE,Deatrich Wise
44947,RB,Jamaal Williams
44949,G,Sean Harlow
44953,RB,Wayne Gallman
44955,DE,Carlos Watkins
44956,RB,Marlon Mack
44957,DT,Grover Stewart
44959,TE,George Kittle
44962,SS,Damontae Kazee
44964,CB,Desmond King
44967,TE,Jeremy Sprinkle
44968,ILB,Jayon Brown
44970,T,Will Holden
44971,CB,Nate Hairston
44972,G,Jermaine Eluemunor
44974,MLB,Anthony Walker
44975,RB,Jeremy McNichols
44976,OLB,Matt Milano
44978,WR,Jamal Agnew
44984,QB,Nathan Peterman
44985,WR,Isaiah McKenzie
44987,TE,Eric Saubert
44991,NT,Davon Godchaux
44995,RB,Aaron Jones
44999,SS,Chuck Clark
45004,FS,Xavier Woods
45005,RB,Alex Armah
45006,OLB,Jordan Evans
45007,DT,Vincent Taylor
45008,ILB,Tanner Vallejo
45009,DE,Al-Quadin Muhammad
45011,DT,D.J. Jones
45012,C,Chase Roullier
45020,FS,Brandon Wilson
45021,SS,Rudy Ford
45030,C,Corey Levin
45033,DE,Ifeadi Odenigbo
45038,DE,Isaac Rochell
45039,WR,David Moore
45042,FS,Adrian Colbert
45045,OLB,Elijah Lee
45050,WR,Isaiah Ford
45052,WR,Noah Brown
45056,G,Kyle Fuller
45062,RB,Chris Carson
45063,DE,Pat O'Connor
45069,G,Daniel Brunskill
45094,TE,Johnny Mundt
45102,WR,Zach Pascal
45142,TE,Darrell Daniels
45159,QB,Phillip Walker
45185,WR,Kendrick Bourne
45186,RB,Matt Breida
45203,DE,Tashawn Bower
45215,OLB,Eric Wilson
45217,TE,Cethan Carter
45223,ILB,Hardy Nickerson
45226,NT,Josh Tupou
45244,QB,Taysom Hill
45255,WR,C.J. Board
45267,WR,Tim Patrick
45268,FB,Patrick Ricard
45274,DE,Adam Butler
45281,TE,Jacob Hollister
45286,ILB,Harvey Langi
45287,CB,Kenny Moore
45302,CB,Torry McTyer
45321,TE,Antony Auclair
45330,CB,Greg Mabin
45335,CB,Breon Borders
45339,TE,Pharaoh Brown
45346,G,Jordan Simmons
45355,TE,Anthony Firkser
45369,WR,Marcus Kemp
45395,CB,Arthur Maulet
45414,DT,Eli Ankou
45481,TE,Ricky Seals-Jones
45532,TE,Blake Jarwin
45533,ILB,Joseph Jones
45536,QB,Cooper Rush
45550,T,Elijah Wilkinson
45555,WR,Keelan Cole
45571,CB,Michael Davis
45573,RB,Austin Ekeler
45594,TE,Colin Thompson
45599,RB,Corey Clement
45607,WR,Greg Ward
45630,T,Storm Norton
45635,TE,Robert Tonyan
45719,RB,Dare Ogunbowale
45785,TE,Dan Arnold
46070,QB,Baker Mayfield
46071,RB,Saquon Barkley
46072,QB,Sam Darnold
46073,CB,Denzel Ward
46074,OLB,Bradley Chubb
46075,G,Quenton Nelson
46076,QB,Josh Allen
46077,ILB,Roquan Smith
46078,T,Mike McGlinchey
46079,QB,Josh Rosen
46080,SS,Minkah Fitzpatrick
46081,NT,Vita Vea
46082,DT,Daron Payne
46083,DE,Marcus Davenport
46084,T,Kolton Miller
46085,MLB,Tremaine Edmunds
46086,FS,Derwin James
46087,CB,Jaire Alexander
46088,OLB,Leighton Vander Esch
46089,C,Frank Ragnow
46090,C,Billy Price
46091,ILB,Rashaan Evans
46092,T,Isaiah Wynn
46093,WR,D.J. Moore
46094,TE,Hayden Hurst
46095,WR,Calvin Ridley
46096,RB,Rashaad Penny
46097,SS,Terrell Edmunds
46098,DT,Taven Bryan
46099,CB,Mike Hughes
46100,RB,Sony Michel
46101,QB,Lamar Jackson
46102,G,Austin Corbett
46103,G,Will Hernandez
46104,RB,Nick Chubb
46105,MLB,Shaquille Leonard
46106,T,Braden Smith
46107,RB,Ronald Jones
46108,G,James Daniels
46109,WR,Courtland Sutton
46110,OLB,Harold Landry
46111,TE,Mike Gesicki
46113,WR,Dante Pettis
46116,WR,Christian Kirk
46117,OLB,Uchenna Nwosu
46118,TE,Dallas Goedert
46119,G,Connor Williams
46120,WR,Anthony Miller
46121,DE,Kemoko Turay
46122,SS,M.J. Stewart
46123,FS,Jessie Bates
46124,CB,Donte Jackson
46127,CB,Isaiah Oliver
46129,WR,James Washington
46130,WR,D.J. Chark
46131,T,Brian O'Neill
46132,CB,Carlton Davis
46133,DE,Tyquan Lewis
46134,T,Brandon Parker
46135,OLB,Lorenzo Carter
46137,SS,Justin Reid
46138,DT,B.J. Hill
46139,MLB,Fred Warner
46140,RB,Royce Freeman
46141,DT,Nathan Shepherd
46142,ILB,Jerome Baker
46143,T,Geron Christian
46144,DT,Derrick Nnadi
46146,DE,Sam Hubbard
46148,DE,Rasheem Green
46150,WR,Michael Gallup
46151,FS,Tracy Walker
46152,T,Orlando Brown
46153,DT,Justin Jones
46155,TE,Mark Andrews
46156,DE,Arden Key
46157,ILB,Oren Burks
46158,T,Joseph Noteboom
46160,WR,Tre'Quan Smith
46161,T,Chukwuma Okorafor
46162,SS,Ronnie Harrison
46163,G,Alex Cappa
46165,DT,Harrison Phillips
46166,C,Mason Cole
46167,TE,Jordan Akins
46168,CB,Isaac Yiadom
46169,OLB,Dorian O'Daniel
46170,TE,Ian Thomas
46171,DE,Jalyn Holmes
46172,WR,Keke Coutee
46173,RB,Nyheim Hines
46175,ILB,Josey Jewell
46176,TE,Christopher Herndon
46180,C,Brian Allen
46183,DE,Da'Shawn Hand
46185,DE,Dorance Armstrong
46186,SS,Jordan Whitehead
46187,CB,Anthony Averett
46188,ILB,Kyzir White
46189,TE,Will Dissly
46190,CB,Taron Johnson
46191,ILB,Kenny Young
46192,TE,Durham Smythe
46193,SS,Armani Watts
46194,CB,Avonte Maddox
46197,DE,Kentavius Street
46198,T,Will Richardson
46199,DE,Josh Sweat
46200,RB,Kalen Ballage
46203,RB,Chase Edmonds
46204,DE,John Franklin-Myers
46205,DE,Marquis Haynes
46206,TE,Dalton Schultz
46209,DT,Maurice Hurst
46211,CB,D.J. Reed
46212,ILB,Ja'Whaun Bentley
46214,DE,Bilal Nichols
46215,CB,Tre Flowers
46216,ILB,Micah Kiser
46219,OLB,Genard Avery
46221,SS,Dane Cruikshank
46223,CB,Siran Neal
46226,TE,Tyler Conklin
46229,OLB,Ogbonnia Okoronkwo
46230,MLB,Jermaine Carter
46232,DT,Tim Settle
46235,G,Wyatt Teller
46237,T,Jamarco Jones
46238,RB,Jordan Wilkins
46239,CB,Darius Phillips
46240,QB,Mike White
46243,WR,Marquez Valdes-Scantling
46249,DT,Folorunso Fatukasi
46250,OLB,Kylie Fitts
46253,OLB,Marcell Harris
46255,DE,Jacob Martin
46256,WR,Ray-Ray McCloud
46259,FS,DeShon Elliott
46263,WR,Russell Gage
46264,NT,Sebastian Joseph
46265,CB,Tremon Smith
46267,G,Reginald McKenzie
46269,ILB,Foyesade Oluokun
46270,RB,Boston Scott
46273,RB,Trenton Cannon
46275,T,Matt Pryor
46276,WR,Equanimeous St. Brown
46277,WR,Cedrick Wilson
46279,WR,Braxton Berrios
46284,C,Bradley Bozeman
46300,ILB,Travin Howard
46302,T,Jordan Mailata
46304,OLB,Zaire Franklin
46307,DT,Zach Sieler
46312,CB,Keion Crossen
46313,OLB,Justin Lawler
46314,C,Will Clapp
46320,RB,Justin Jackson
46322,WR,Auden Tate
46323,T,Korey Cunningham
46329,CB,Danny Johnson
46331,TE,Ross Dwelley
46349,FS,George Odum
46354,CB,Emmanuel Moseley
46362,WR,Cam Sims
46367,RB,Phillip Lindsay
46369,SS,Trey Marshall
46376,G,Coleman Shelton
46378,SS,J.T. Gray
46387,DT,Kendal Vickers
46394,WR,Christian Blake
46404,C,J.C. Hassenauer
46416,OLB,Jacob Tuioti-Mariner
46424,FB,Jason Cabinda
46438,NT,Tyler Lancaster
46456,CB,Darious Williams
46457,OLB,Olasunkanmi Adeniyi
46461,RB,Mike Boone
46487,NT,Poona Ford
46504,DT,Daniel Ekuale
46521,ILB,Ben Niemann
46522,WR,Byron Pringle
46526,RB,Darrel Williams
46527,OLB,Frankie Luvu
46536,FB,Johnny Stanton
46542,WR,Keith Kirkwood
46543,DE,Henry Mondeaux
46544,TE,Deon Yelder
46618,DT,Taylor Stallworth
46629,C,Nick Gates
46630,CB,Jalen Davis
46633,RB,Buddy Howell
46652,CB,Chandon Sullivan
46657,OLB,Dennis Gardeck
46671,WR,Trent Sherfield
46672,CB,Tavierre Thomas
46674,ILB,Ezekiel Turner
46679,C,Evan Brown
46680,SS,Sean Chandler
46689,G,Ike Boettger
46698,CB,Levi Wallace
46699,CB,Dee Delaney
46700,CB,Tre Herndon
46705,WR,Allen Lazard
46711,SS,Ryan Neal
46729,CB,Brandon Facyson
46755,T,Trenton Scott
46757,CB,Charvarius Ward
46772,OLB,Trent Harris
46775,CB,J.C. Jackson
46778,FS,A.J. Moore
46781,RB,Ryan Nall
46786,DE,Bunmi Rotimi
46796,DE,Demone Harris
46797,TE,Tanner Hudson
46798,RB,Godwin Igwebuike
46807,CB,Andre Chachere
46823,CB,Mike Ford
46825,CB,Chris Jones
46836,WR,Cameron Batson
46843,OLB,Sharif Finch
46852,G,Aaron Stinnie
46902,OLB,Robert Spillane
46908,FS,Dallin Leavitt
46915,TE,Codey McElroy
46958,MLB,Chris Board
46992,WR,KhaDarel Hodge
46998,WR,Malik Turner
47016,ILB,A.J. Johnson
47180,QB,John Wolford
47605,RB,D'Ernest Johnson
47749,FB,Jakob Johnson
47784,QB,Kyler Murray
47785,DE,Nick Bosa
47786,NT,Quinnen Williams
47787,DE,Clelin Ferrell
47788,ILB,Devin White
47789,QB,Daniel Jones
47790,OLB,Josh Allen
47791,TE,T.J. Hockenson
47792,DT,Ed Oliver
47793,ILB,Devin Bush
47794,T,Jonah Williams
47795,OLB,Rashan Gary
47796,DT,Christian Wilkins
47797,G,Chris Lindstrom
47799,DE,Brian Burns
47800,DE,Dexter Lawrence
47801,C,Garrett Bradbury
47802,DT,Jeffery Simmons
47803,TE,Noah Fant
47804,SS,Darnell Savage
47805,T,Andre Dillard
47806,T,Tytus Howard
47807,RB,Josh Jacobs
47808,WR,Marquise Brown
47809,DE,Montez Sweat
47810,SS,Johnathan Abram
47811,DT,Jerry Tillery
47812,DE,L.J. Collier
47813,CB,Deandre Baker
47814,T,Kaleb McGary
47815,WR,N'Keal Harry
47816,CB,Byron Murphy
47817,CB,Rock Ya-Sin
47818,T,Jawaan Taylor
47819,WR,Deebo Samuel
47821,G,Cody Ford
47822,CB,Sean Murphy-Bunting
47823,CB,Trayvon Mullen
47824,G,Dalton Risner
47825,QB,Drew Lock
47826,MLB,Jahlani Tavai
47827,G,Elgton Jenkins
47828,CB,Joejuan Williams
47829,CB,Greedy Williams
47830,FS,Marquise Blair
47831,C,Erik McCoy
47832,DE,Ben Banogu
47834,WR,A.J. Brown
47835,TE,Drew Sample
47836,RB,Miles Sanders
47837,CB,Lonnie Johnson
47838,G,Max Scharping
47839,WR,Mecole Hardman
47840,TE,J.J. Arcega-Whiteside
47842,WR,Parris Campbell
47843,FS,Nasir Adderley
47844,FS,Taylor Rapp
47846,FS,Juan Thornhill
47847,WR,DK Metcalf
47848,DE,Zach Allen
47849,WR,Diontae Johnson
47852,TE,Josh Oliver
47853,RB,Darrell Henderson
47854,DE,Dre'Mont Jones
47855,OLB,Germaine Pratt
47856,RB,David Montgomery
47857,RB,Devin Singletary
47859,WR,Terry McLaurin
47860,DE,Chase Winovich
47861,C,Michael Deiter
47862,CB,David Long
47863,OLB,Sione Takitaki
47864,SS,Will Harris
47865,G,Nate Davis
47866,CB,Justin Layne
47867,DT,Khalen Saunders
47868,OLB,Jaylon Ferguson
47870,RB,Damien Harris
47871,MLB,Cody Barton
47872,MLB,Bobby Okereke
47873,G,Connor McGovern
47874,T,Trey Pipkins
47875,T,Chuma Edoga
47876,WR,Miles Boykin
47877,CB,Jamel Dean
47878,OLB,Oshane Ximines
47879,TE,Dawson Knox
47880,G,Bobby Evans
47881,OLB,Quincy Williams
47882,FS,Mike Edwards
47884,T,Yodny Cajuste
47885,RB,Alexander Mattison
47888,SS,Chauncey Gardner-Johnson
47889,DE,Maxx Crosby
47890,OLB,Anthony Nelson
47891,SS,Julian Love
47892,SS,Khari Willis
47899,FS,Amani Hooker
47900,OLB,Austin Bryant
47902,FS,Sheldrick Redwine
47904,TE,Trevon Wesco
47905,RB,Benny Snell
47906,G,Ben Powers
47911,RB,Tony Pollard
47913,ILB,Drue Tranquill
47914,G,Wes Martin
47915,FS,Ugochukwu Amadi
47917,NT,Greg Gaines
47919,G,Michael Jordan
47920,TE,Foster Moreau
47922,SS,Deionte Thompson
47924,TE,Zach Gentry
47929,CB,Amani Oruwariye
47931,OLB,Dre Greenlaw
47932,WR,Hunter Renfrow
47933,DE,Kingsley Keke
47934,OLB,Andrew Van Ginkel
47938,OLB,Mack Wilson
47939,OLB,Justin Hollins
47940,ILB,Blake Cashman
47944,DE,Charles Omenihu
47947,OLB,E.J. Speed
47948,DE,Joe Jackson
47952,G,David Edwards
47954,WR,Darius Slayton
47956,OLB,Cole Holcomb
47959,TE,Kaden Smith
47964,FS,Jaquan Johnson
47965,RB,Trayveon Williams
47969,RB,Ty Johnson
47970,WR,Juwann Winfree
47971,ILB,David Long
47973,NT,Armon Watts
47974,SS,Marcus Epps
47975,DE,Isaiah Buggs
47976,T,Olisaemeka Udoh
47978,CB,Xavier Crawford
47984,CB,Rashad Fenton
47985,T,Isaiah Prince
47987,RB,Travis Homer
47988,CB,Duke Shelley
47991,WR,Scott Miller
47995,G,Dennis Daley
47996,SS,Donovan Wilson
48000,CB,Kris Boyd
48008,DE,Darryl Johnson
48009,ILB,Ty Summers
48011,TE,Tommy Sweeney
48017,RB,Myles Gaskin
48026,SS,Nick Scott
48027,OLB,Kaden Elliss
48032,DE,Michael Dogbe
48034,OLB,Dakota Allen
48053,WR,Trinity Benson
48085,T,Fred Johnson
48089,OLB,Malik Reed
48094,T,Calvin Anderson
48096,TE,Andrew Beck
48097,WR,Jakobi Meyers
48117,MLB,Demetrius Flannigan-Fowles
48118,WR,Ashton Dulin
48119,WR,Penny Hart
48123,DT,Kevin Givens
48137,QB,David Blough
48145,DE,Wyatt Ray
48158,G,Alex Bars
48159,C,Sam Mustipher
48181,T,Yosuah Nijman
48198,NT,Bryan Mone
48207,FB,Khari Blasingame
48220,G,Patrick Mekari
48233,FB,Alec Ingold
48234,WR,Antoine Wesley
48235,C,Andre James
48241,CB,Keisean Nixon
48247,DE,Tim Ward
48268,MLB,Azeez Al-Shaair
48318,RB,Devine Ozigbo
48364,OLB,Del'Shawn Phillips
48374,WR,Olamide Zaccheaus
48415,WR,Deonte Harty
48447,FS,P.J. Locke
48454,FS,C.J. Moore
48455,T,Matt Nelson
48456,TE,Donald Parham
48462,DE,Kevin Strong
48471,WR,Trenton Irwin
48472,RB,Patrick Laird
48473,DE,Jonathan Ledbetter
48475,TE,Chris Myarick
48476,CB,Nik Needham
48480,WR,Preston Williams
48482,MLB,Tyrel Dodson
48485,G,Blake Hance
48487,CB,Cameron Lewis
48489,WR,David Sills
48508,FS,Andrew Wingard
48512,C,Ryan Bates
48513,G,Nate Herbig
48516,ILB,T.J. Edwards
48520,DT,Anthony Rush
48524,CB,Anthony Chesley
48530,WR,Stanley Morgan
48537,DE,Carl Granderson
48541,WR,Lil'Jordan Humphrey
48544,DT,Shy Tuttle
48554,OLB,Andrew Dowell
48555,OLB,Luke Gifford
48556,WR,Jalen Guyton
48565,CB,Chris Westry
48566,DE,Daniel Wise
48581,CB,Roderic Teamer
48599,DT,Albert Huggins
48601,WR,Tyron Johnson
48624,WR,Malik Taylor
48657,WR,Jeff Smith
48663,DE,Amani Bledsoe
48671,OLB,Derick Roberson
48678,CB,Kemon Hall
48680,WR,Tom Kennedy
48683,TE,Joe Fortson
48685,OLB,Noah Dawkins
48700,TE,Jesper Horsted
48723,TE,Parker Hesse
48766,TE,Kendall Blanton
48780,ILB,Troy Reeder
48988,WR,Gunner Olszewski
49410,FS,Jalen Thompson
49476,RB,Derrick Gore
50756,FS,Kenny Robinson
50963,RB,Jacques Patrick
52409,QB,Joe Burrow
52410,DE,Chase Young
52411,CB,Jeff Okudah
52412,T,Andrew Thomas
52413,QB,Tua Tagovailoa
52414,QB,Justin Herbert
52415,DT,Derrick Brown
52416,ILB,Isaiah Simmons
52417,CB,C.J. Henderson
52418,T,Jedrick Wills
52419,T,Mekhi Becton
52420,WR,Henry Ruggs
52421,T,Tristan Wirfs
52422,DT,Javon Kinlaw
52423,WR,Jerry Jeudy
52424,CB,A.J. Terrell
52425,WR,CeeDee Lamb
52426,T,Austin Jackson
52427,CB,Damon Arnette
52428,OLB,K'Lavon Chaisson
52429,WR,Jalen Reagor
52430,WR,Justin Jefferson
52431,ILB,Kenneth Murray
52432,G,Cesar Ruiz
52433,WR,Brandon Aiyuk
52434,QB,Jordan Love
52435,OLB,Jordyn Brooks
52436,MLB,Patrick Queen
52438,CB,Noah Igbinoghene
52440,RB,Clyde Edwards-Helaire
52441,WR,Tee Higgins
52442,WR,Michael Pittman
52443,RB,D'Andre Swift
52444,FS,Xavier McKinney
52445,FS,Kyle Dugger
52446,DE,Yetur Gross-Matos
52447,G,Robert Hunt
52448,DT,Ross Blacklock
52449,RB,Jonathan Taylor
52450,WR,Laviska Shenault
52451,TE,Cole Kmet
52452,SS,Grant Delpit
52453,FS,Antoine Winfield
52454,WR,K.J. Hamler
52455,DT,Marlon Davidson
52456,DE,Darrell Taylor
52457,WR,Chase Claypool
52458,CB,Jaylon Johnson
52459,CB,Trevon Diggs
52461,QB,Jalen Hurts
52462,DE,A.J. Epenesa
52464,NT,Raekwon Davis
52465,WR,Van Jefferson
52466,G,Ezra Cleveland
52467,WR,Denzel Mims
52468,OLB,Josh Uche
52469,CB,Kristian Fulton
52470,RB,A.J. Dillon
52471,OLB,Willie Gay
52472,FS,Jeremy Chinn
52473,ILB,Logan Wilson
52474,RB,Antonio Gibson
52475,OLB,Julian Okwara
52476,SS,Ashtyn Davis
52477,G,Damien Lewis
52478,SS,Brandon Jones
52479,DT,Justin Madubuike
52480,G,Josh Jones
52481,DT,Davon Hamilton
52482,OLB,Zack Baun
52483,G,Jonah Jackson
52484,RB,Ke'Shawn Vaughn
52486,C,Matt Hennessy
52487,DE,Jabari Zuniga
52489,WR,Bryan Edwards
52491,C,Lloyd Cushenberry
52492,OLB,Terrell Lewis
52493,FS,Julian Blackmon
52494,RB,Zack Moss
52496,DT,Jordan Elliott
52497,CB,Cameron Dantzler
52498,DE,Jonathan Greenard
52500,WR,Devin Duvernay
52501,RB,Darrynton Evans
52502,TE,Josiah Deguara
52503,DE,McTelvin Agim
52504,T,Lucas Niang
52506,OLB,Malik Harrison
52507,T,Matt Peart
52510,OLB,Alex Highsmith
52511,OLB,Davion Taylor
52512,FS,Terrell Burgess
52513,TE,Adam Trautman
52514,G,Tyre Phillips
52515,ILB,Akeem Davis-Gaither
52516,T,Saahdiq Charles
52517,G,John Simpson
52518,CB,Darnay Holmes
52519,G,Solomon Kindley
52520,RB,Joshua Kelley
52522,DT,Leki Fotu
52523,TE,Harrison Bryant
52524,T,Ben Bartch
52525,DE,D.J. Wonnum
52526,TE,Albert Okwuegbunam
52527,ILB,Mykal Walker
52528,RB,La'Mical Perine
52530,QB,Jacob Eason
52532,RB,Anthony McFarland
52534,T,Charlie Heck
52535,SS,K'Von Wallace
52536,WR,Gabe Davis
52538,NT,James Lynch
52539,NT,Rashard Lawrence
52541,TE,Colby Parkinson
52542,FS,Jaylinn Hawkins
52543,G,Kevin Dotson
52545,CB,Josiah Scott
52546,CB,L'Jarius Sneed
52547,CB,Amik Robertson
52548,MLB,Shaquille Quarterman
52549,CB,John Reid
52550,WR,Antonio Gandy-Golden
52551,G,Ben Bredeson
52552,RB,DeeJay Dallas
52553,T,Jack Driscoll
52554,C,Tyler Biadasz
52555,DE,Khalid Kareem
52556,DE,Alton Robinson
52557,G,Danny Pinter
52558,G,Shane Lemieux
52563,OLB,Trevis Gipson
52564,C,Keith Ismael
52565,SS,Daniel Thomas
52566,CB,Bryce Hall
52569,WR,Tyler Johnson
52570,MLB,Khaleke Hudson
52571,CB,Kindle Vildor
52573,WR,Collin Johnson
52574,WR,Quintez Cephus
52578,DT,Broderick Washington
52581,WR,Darnell Mooney
52582,DT,Larrell Murchison
52584,WR,K.J. Osborn
52585,DE,Michael Danna
52586,ILB,Justin Strnad
52587,DE,Bradlee Anae
52589,G,Netane Muti
52590,G,Michael Onwenu
52591,OLB,Cam Brown
52592,DT,Bravvion Roy
52594,SS,Alohi Gilman
52595,WR,Donovan Peoples-Jones
52598,TE,Charlie Woerner
52600,G,Jon Runyan
52602,DT,Khalil Davis
52603,T,Justin Herron
52604,ILB,Shaun Bradley
52605,NT,John Penisini
52607,SS,Jordan Fuller
52608,WR,Quez Watkins
52609,WR,James Proche
52614,TE,Tyler Davis
52619,CB,Isaiah Rodgers
52622,WR,Freddie Swain
52623,ILB,Markus Bailey
52624,FS,Kamren Curl
52625,WR,Jauan Jennings
52626,ILB,Carter Coughlin
52627,SS,Geno Stone
52628,WR,K.J. Hill
52629,CB,Stantley Thomas-Oliver
52631,CB,Chris Claybrooks
52633,DE,Kenny Willekes
52635,G,Lachavious Simmons
52637,DE,James Smith-Williams
52640,DT,Carlos Davis
52641,DE,Casey Toohill
52642,MLB,Clay Johnston
52643,DE,Jashon Cornell
52645,CB,Thakarius Keyes
52647,CB,Dane Jackson
52649,MLB,Chapelle Russell
52650,OLB,Jonathan Garvin
52651,CB,Chris Jackson
52655,CB,Chris Williamson
52660,WR,Tyrie Cleveland
52662,OLB,Derrek Tuszka
52663,ILB,Tae Crowder
52665,DT,Malcolm Roach
52666,T,Calvin Throckmorton
52673,TE,Mitchell Wilcox
52697,CB,James Pierre
52708,RB,Jamycal Hasty
52725,TE,Ben Ellefson
52733,RB,James Robinson
52750,WR,DeMichael Harris
52759,DT,Chris Williams
52762,RB,Tony Jones
52766,WR,Kendall Hinton
52783,G,Yasir Durant
52792,DT,Tershawn Wharton
52793,WR,Cody White
52797,OLB,Joe Bachie
52805,DE,Joe Gaziano
52810,FB,Gabe Nabers
52829,NT,Breiden Fehoko
52830,DT,Eric Banks
52835,DT,Michael Hoecht
52846,DE,Jonah Williams
52852,FS,Myles Hartsfield
52858,FB,Giovanni Ricci
52859,RB,Rodney Smith
52863,ILB,Krys Barnes
52864,SS,Henry Black
52878,WR,Dan Chisena
52886,OLB,Blake Lynch
52887,DT,David Moa
52894,C,Trystan Colon
52895,QB,Tyler Huntley
52912,DB,Jalen Elliott
52913,FS,Bobby Price
52922,RB,Salvon Ahmed
52932,OLB,Ladarius Hamilton
52938,T,Terence Steele
52939,SS,Sam Franklin
52942,TE,Juwan Johnson
52945,CB,Jace Whittaker
52962,TE,Tyler Mabry
52971,OLB,Jamir Jones
52972,RB,Scottie Phillips
52979,OLB,Chauncey Rivers
52980,FS,Juju Hughes
52991,CB,Myles Bryant
53000,RB,J.J. Taylor
53018,CB,A.J. Green
53039,DE,Azur Kamara
53051,CB,Javelin Guidry
53053,DE,Bryce Huff
53059,MLB,Kristian Welch
53063,C,Aaron Brewer
53065,TE,Tommy Hudson
53073,DT,Teair Tart
53074,WR,Nick Westbrook-Ikhine
53079,FB,Reggie Gilliam
53091,RB,Artavis Pierce
53098,WR,Marquez Callaway
53172,TE,Dominique Dafney
53180,RB,Ty'Son Williams
53315,OLB,Aaron Patrick
53430,QB,Trevor Lawrence
53431,QB,Zach Wilson
53432,QB,Trey Lance
53433,TE,Kyle Pitts
53434,WR,Ja'Marr Chase
53435,WR,Jaylen Waddle
53436,T,Penei Sewell
53437,CB,Jaycee Horn
53438,CB,Patrick Surtain
53439,WR,DeVonta Smith
53440,QB,Justin Fields
53441,OLB,Micah Parsons
53442,T,Rashawn Slater
53443,G,Alijah Vera-Tucker
53444,QB,Mac Jones
53445,ILB,Zaven Collins
53446,T,Alex Leatherwood
53447,OLB,Jaelan Phillips
53448,MLB,Jamin Davis
53449,WR,Kadarius Toney
53450,DE,Kwity Paye
53451,CB,Caleb Farley
53452,T,Christian Darrisaw
53453,RB,Najee Harris
53455,CB,Greg Newsome
53456,WR,Rashod Bateman
53457,DE,Payton Turner
53458,CB,Eric Stokes
53459,DE,Gregory Rousseau
53460,OLB,Odafe Oweh
53461,OLB,Joe Tryon
53462,CB,Tyson Campbell
53463,WR,Elijah Moore
53464,RB,Javonte Williams
53465,FS,Jevon Holland
53466,G,Landon Dickerson
53467,DT,Christian Barmore
53469,SS,Richie Grant
53470,DE,Levi Onwuzurike
53471,T,Liam Eichenberg
53472,FS,Trevon Moehrig
53473,CB,Kelvin Joseph
53475,G,Jackson Carman
53476,CB,Asante Samuel
53478,WR,Rondale Moore
53479,OLB,Azeez Ojulari
53480,T,Samuel Cosmi
53481,OLB,Jeremiah Owusu-Koramoah
53482,T,Dillon Radunz
53483,DE,Dayo Odeyingbo
53484,TE,Pat Freiermuth
53485,WR,D'Wayne Eskridge
53487,ILB,Nick Bolton
53488,WR,Terrace Marshall
53489,OLB,Pete Werner
53490,DE,Carlos Basham
53491,C,Josh Myers
53492,C,Creed Humphrey
53494,SS,Andre Cisco
53496,QB,Davis Mills
53497,G,Jalen Mayfield
53499,T,Brady Christensen
53500,CB,Aaron Robinson
53501,NT,Alim McNeill
53502,DT,Milton Williams
53503,CB,Benjamin St-Juste
53504,DT,Osa Odighizuwa
53505,CB,Paulson Adebo
53506,WR,Josh Palmer
53509,OLB,Divine Deablo
53510,TE,Hunter Long
53511,WR,Dyami Brown
53512,TE,Tommy Tremble
53513,DE,Chauncey Golston
53514,WR,Amari Rodgers
53516,C,Kendrick Green
53517,RB,Trey Sermon
53518,WR,Nico Collins
53520,WR,Anthony Schwartz
53521,ILB,Monty Rice
53522,T,Spencer Brown
53523,G,Ben Cleveland
53524,T,Robert Hainsey
53526,TE,Tre' McKitty
53527,G,Quinn Meinerz
53528,CB,Nahshon Wright
53529,CB,Elijah Molden
53530,CB,Ifeatu Melifonwu
53531,CB,Ambry Thomas
53532,ILB,Ernest Jones
53533,FS,Brandon Stephens
53534,ILB,Baron Browning
53535,DT,Jay Tufele
53536,RB,Michael Carter
53537,CB,Darren Hall
53539,T,James Hudson
53540,DE,Cameron Sample
53541,WR,Amon-Ra St. Brown
53542,ILB,Derrick Barnes
53543,C,Drew Dalman
53544,MLB,Jabril Cox
53546,NT,Bobby Brown
53547,OLB,Chris Rumph
53549,RB,Rhamondre Stevenson
53553,TE,John Bates
53554,FS,Camryn Bynum
53555,RB,Chuba Hubbard
53556,TE,Kylen Granson
53557,T,Dan Moore
53558,WR,Jaelon Darden
53559,CB,Robert Rochell
53560,WR,Tylan Wallace
53564,OLB,Rashad Weaver
53565,CB,Marco Wilson
53566,DB,Tre Brown
53570,TE,Jacob Harris
53571,T,Royce Newman
53572,SS,Tyree Gillespie
53573,DE,Joshua Kaindoh
53574,TE,Luke Farrell
53575,ILB,Jamien Sherwood
53576,TE,Brevin Jordan
53577,DE,Ta'Quon Graham
53579,RB,Kenneth Gainwell
53580,T,Larry Borom
53581,FS,Caden Sterns
53583,CB,Michael Carter
53584,T,Jaylon Moore
53585,DE,Isaiahh Loudermilk
53586,WR,Ihmir Smith-Marsette
53587,DT,Daviyon Nixon
53590,T,Tommy Doyle
53591,TE,Noah Gray
53595,CB,Keith Taylor
53596,CB,Nate Hobbs
53598,FS,Richard LeCounte
53599,OLB,Garret Wallow
53600,OLB,Daelin Hayes
53601,CB,Deommodore Lenoir
53602,DT,Tedarrell Slaton
53605,ILB,K.J. Britt
53607,CB,Shemar Jean-Charles
53609,SS,Talanoa Hufanga
53611,OLB,Adetokunbo Ogundeji
53612,RB,Avery Williams
53614,ILB,Nick Niemann
53615,ILB,Hamsah Nasirildeen
53618,DT,Marlon Tuipulotu
53619,C,Trey Hill
53620,DE,Tarron Jackson
53621,DT,Quinton Bohanna
53623,RB,Elijah Mitchell
53624,DT,Roy Lopez
53625,RB,Gary Brightwell
53627,RB,Larry Rountree
53629,CB,Brandin Echols
53630,CB,Rodarius Williams
53631,RB,Chris Evans
53633,WR,Shi Smith
53634,WR,Racey McMath
53635,T,Landon Young
53636,DT,Jonathan Marshall
53639,OLB,Victor Dimukeje
53640,RB,Demetric Felton
53641,SS,Damar Hamlin
53645,OLB,Quincy Roche
53646,RB,Khalil Herbert
53652,CB,Tay Gowan
53655,G,Trey Smith
53656,SS,Israel Mukuamu
53658,WR,Mike Strachan
53662,RB,Jake Funk
53663,ILB,Patrick Johnson
53668,OLB,Jonathon Cooper
53670,FS,Mark Webb
53674,FS,Tre Norwood
53675,DE,Shaka Toney
53678,WR,Ben Skowronek
53679,NT,Khyiris Tonga
53681,LB,Chris Garrett
53685,RB,Kylin Hill
53686,RB,Jermar Jefferson
53687,WR,Dax Milne
53688,ILB,Grant Stuard
53711,CB,Isaiah Dunn
53724,TE,Matt Bushman
53740,DT,Josiah Bronson
53819,FS,Ar'Darius Washington
53854,CB,Nick McCloud
53861,G,Robert Jones
53868,T,Alaric Jackson
53876,DE,Raymond Johnson
53896,TE,Tory Carter
53900,DT,Naquan Jones
53910,OLB,Sam Kamara
53921,ILB,Amen Ogbongbemiga
53930,OLB,Andre Mintze
53933,ILB,Curtis Robinson
53935,DE,Darius Hodge
53946,TE,Jack Stoll
53953,CB,Jerry Jacobs
53954,G,Tommy Kraemer
53957,CB,A.J. Parker
53959,TE,Brock Wright
53960,RB,Jaret Patterson
53978,DT,Austin Faoliu
53991,DT,Forrest Merrill
53994,C,Ryan McCollum
53999,DT,Jack Heflin
54006,T,Jake Curhan
54038,QB,Feleipe Franks